{
  "hds-color": {
    "text": {
      "default": {
        "value": "{global-color.base.0}",
        "type": "color"
      },
      "subtle": {
        "value": "{global-color.neutral.300}",
        "type": "color"
      },
      "minimal": {
        "value": "{global-color.neutral.300}",
        "type": "color"
      },
      "disabled": {
        "value": "{global-color.neutral.400}",
        "type": "color"
      },
      "link": {
        "value": "{global-color.primary.300}",
        "type": "color"
      },
      "link-active": {
        "value": "{global-color.primary.600}",
        "type": "color"
      },
      "link-hover": {
        "value": "{global-color.primary.500}",
        "type": "color"
      },
      "placeholder": {
        "value": "{global-color.neutral.500}",
        "type": "color"
      },
      "danger": {
        "value": "#7b5e5e",
        "type": "color"
      },
      "danger-subtle": {
        "value": "#5b3f3f",
        "type": "color"
      },
      "inverse": {
        "value": "{global-color.base.0}",
        "type": "color"
      },
      "success": {
        "value": "{global-color.primary.300}",
        "type": "color"
      },
      "info": {
        "value": "{global-color.primary.300}",
        "type": "color"
      },
      "warning": {
        "value": "{global-color.primary.300}",
        "type": "color"
      }
    },
    "bg": {
      "default": {
        "value": "{global-color.base.1000}",
        "type": "color"
      },
      "surface": {
        "default": {
          "value": "{global-color.neutral.400}",
          "type": "color"
        },
        "raised": {
          "value": "{global-color.neutral.500}",
          "type": "color"
        },
        "secondary-default": {
          "value": "{global-color.neutral.600}",
          "type": "color"
        },
        "secondary-hover": {
          "value": "{global-color.neutral.700}",
          "type": "color"
        },
        "secondary-active": {
          "value": "{global-color.neutral.800}",
          "type": "color"
        },
        "disabled": {
          "value": "{global-color.neutral.500}",
          "type": "color"
        }
      },
      "fill": {
        "brand": {
          "default": {
            "value": "#ffffff",
            "type": "color"
          },
          "hover": {
            "value": "#ffffff",
            "type": "color"
          },
          "active": {
            "value": "#ffffff",
            "type": "color"
          },
          "inverse": {
            "value": "#ffffff",
            "type": "color"
          },
          "inverse-hover": {
            "value": "#ffffff",
            "type": "color"
          },
          "inverse-active": {
            "value": "#ffffff",
            "type": "color"
          },
          "subtle": {
            "value": "#ffffff",
            "type": "color"
          }
        },
        "secondary": {
          "default": {
            "value": "#ffffff",
            "type": "color"
          },
          "hover": {
            "value": "#ffffff",
            "type": "color"
          },
          "active": {
            "value": "#ffffff",
            "type": "color"
          }
        },
        "danger": {
          "default": {
            "value": "#ffffff",
            "type": "color"
          },
          "hover": {
            "value": "#ffffff",
            "type": "color"
          },
          "active": {
            "value": "#ffffff",
            "type": "color"
          }
        },
        "inverse": {
          "default": {
            "value": "#ffffff",
            "type": "color"
          },
          "hover": {
            "value": "#ffffff",
            "type": "color"
          },
          "active": {
            "value": "#ffffff",
            "type": "color"
          }
        },
        "default": {
          "value": "#ffffff",
          "type": "color"
        },
        "info": {
          "default": {
            "value": "#ffffff",
            "type": "color"
          }
        }
      }
    },
    "border": {
      "action-light-default": {
        "value": "#ffffff",
        "type": "color"
      },
      "action-bold": {
        "value": "#ffffff",
        "type": "color"
      },
      "brand": {
        "value": "#ffffff",
        "type": "color"
      },
      "action-light-hover": {
        "value": "#ffffff",
        "type": "color"
      },
      "action-light-pressed": {
        "value": "#ffffff",
        "type": "color"
      },
      "danger": {
        "value": "#ffffff",
        "type": "color"
      }
    },
    "icon": {
      "default": {
        "value": "{global-color.base.0}",
        "type": "color"
      },
      "inverse": {
        "value": "{global-color.base.0}",
        "type": "color"
      },
      "subtle": {
        "value": "{global-color.neutral.300}",
        "type": "color"
      },
      "success": {
        "value": "{global-color.primary.300}",
        "type": "color"
      },
      "danger": {
        "value": "#ffffff",
        "type": "color"
      },
      "danger-subtle": {
        "value": "#ffffff",
        "type": "color"
      },
      "warning": {
        "value": "{global-color.primary.300}",
        "type": "color"
      },
      "information": {
        "value": "{global-color.primary.300}",
        "type": "color"
      },
      "brand": {
        "value": "{global-color.primary.300}",
        "type": "color"
      },
      "info": {
        "value": "{global-color.primary.300}",
        "type": "color"
      },
      "minimal": {
        "value": "{global-color.neutral.300}",
        "type": "color"
      }
    }
  },
  "hds-shadow": {
    "action-focus": {
      "color": {
        "value": "#ffffff",
        "type": "color"
      }
    }
  }
}