{
  "hds-color": {
    "text": {
      "default": {
        "value": "{global-color.base.1000}",
        "type": "color"
      },
      "subtle": {
        "value": "{global-color.neutral.800}",
        "type": "color"
      },
      "minimal": {
        "value": "{global-color.neutral.700}",
        "type": "color"
      },
      "disabled": {
        "value": "{global-color.neutral.600}",
        "type": "color"
      },
      "link": {
        "value": "{global-color.primary.700}",
        "type": "color"
      },
      "link-active": {
        "value": "{global-color.primary.800}",
        "type": "color"
      },
      "link-hover": {
        "value": "{global-color.primary.600}",
        "type": "color"
      },
      "placeholder": {
        "value": "{global-color.neutral.700}",
        "type": "color"
      },
      "danger": {
        "value": "{global-color.red.900}",
        "type": "color"
      },
      "danger-subtle": {
        "value": "{global-color.red.800}",
        "type": "color"
      },
      "inverse": {
        "value": "{global-color.base.0}",
        "type": "color"
      },
      "success": {
        "value": "{global-color.primary.900}",
        "type": "color"
      },
      "info": {
        "value": "{global-color.blue.900}",
        "type": "color"
      },
      "warning": {
        "value": "{global-color.orange.800}",
        "type": "color"
      },
      "in-progress": {
        "value": "{global-color.purple.900}",
        "type": "color"
      }
    },
    "bg": {
      "default": {
        "value": "{global-color.neutral.200}",
        "type": "color"
      },
      "surface": {
        "default": {
          "value": "{global-color.base.0}",
          "type": "color"
        },
        "raised": {
          "value": "{global-color.neutral.100}",
          "type": "color"
        },
        "secondary-default": {
          "value": "{global-color.neutral.200}",
          "type": "color"
        },
        "secondary-hover": {
          "value": "{global-color.neutral.300}",
          "type": "color"
        },
        "secondary-active": {
          "value": "{global-color.neutral.400}",
          "type": "color"
        },
        "disabled": {
          "value": "{global-color.neutral.300}",
          "type": "color"
        },
        "hover": {
          "value": "{global-color.neutral.100}",
          "type": "color"
        },
        "active": {
          "value": "{global-color.neutral.200}",
          "type": "color"
        }
      },
      "fill": {
        "brand": {
          "default": {
            "value": "{global-color.primary.400}",
            "type": "color"
          },
          "hover": {
            "value": "{global-color.primary.300}",
            "type": "color"
          },
          "active": {
            "value": "{global-color.primary.500}",
            "type": "color"
          },
          "inverse": {
            "value": "{global-color.primary.600}",
            "type": "color"
          },
          "inverse-hover": {
            "value": "{global-color.primary.700}",
            "type": "color"
          },
          "inverse-active": {
            "value": "{global-color.primary.800}",
            "type": "color"
          },
          "subtle": {
            "value": "{global-color.primary.100}",
            "type": "color"
          }
        },
        "secondary": {
          "default": {
            "value": "{global-color.neutral.400}",
            "type": "color"
          },
          "hover": {
            "value": "{global-color.neutral.300}",
            "type": "color"
          },
          "active": {
            "value": "{global-color.neutral.500}",
            "type": "color"
          },
          "subtle": {
            "value": "{global-color.neutral.300}",
            "type": "color"
          }
        },
        "danger": {
          "default": {
            "value": "{global-color.red.100}",
            "type": "color"
          },
          "hover": {
            "value": "{global-color.red.300}",
            "type": "color"
          },
          "active": {
            "value": "{global-color.red.500}",
            "type": "color"
          },
          "inverse": {
            "value": "{global-color.red.700}",
            "type": "color"
          }
        },
        "inverse": {
          "default": {
            "value": "{global-color.neutral.800}",
            "type": "color"
          },
          "hover": {
            "value": "{global-color.neutral.700}",
            "type": "color"
          },
          "active": {
            "value": "{global-color.neutral.600}",
            "type": "color"
          }
        },
        "default": {
          "value": "{global-color.base.0}",
          "type": "color"
        },
        "info": {
          "default": {
            "value": "{global-color.blue.50}",
            "type": "color"
          },
          "inverse": {
            "value": "{global-color.blue.600}",
            "type": "color"
          }
        },
        "warning": {
          "default": {
            "value": "{global-color.orange.100}",
            "type": "color"
          },
          "inverse": {
            "value": "{global-color.orange.300}",
            "type": "color"
          }
        },
        "in-progress": {
          "default": {
            "value": "{global-color.purple.50}",
            "type": "color"
          }
        }
      },
      "table": {
        "default": {
          "value": "{global-color.base.0}",
          "type": "color"
        },
        "hover": {
          "value": "{global-color.neutral.100}",
          "type": "color"
        },
        "selected": {
          "value": "{global-color.primary.100}",
          "type": "color"
        },
        "draft": {
          "value": "{global-color.neutral.100}",
          "type": "color"
        },
        "published-draft": {
          "value": "{global-color.purple.50}",
          "type": "color"
        },
        "draft-hover": {
          "value": "{global-color.neutral.100}",
          "type": "color"
        },
        "published-draft-hover": {
          "value": "{global-color.purple.100}",
          "type": "color"
        }
      }
    },
    "border": {
      "action-light-default": {
        "value": "{global-color.neutral.500}",
        "type": "color"
      },
      "action-bold": {
        "value": "{global-color.neutral.700}",
        "type": "color"
      },
      "brand": {
        "value": "{global-color.primary.500}",
        "type": "color"
      },
      "action-light-hover": {
        "value": "{global-color.neutral.600}",
        "type": "color"
      },
      "action-light-pressed": {
        "value": "{global-color.neutral.800}",
        "type": "color"
      },
      "danger": {
        "value": "{global-color.red.600}",
        "type": "color"
      },
      "layout-default": {
        "value": "#ffffff",
        "type": "color"
      },
      "layout-subtle": {
        "value": "#4b2e2e",
        "type": "color"
      },
      "passive": {
        "value": "{global-color.neutral.300}",
        "type": "color"
      },
      "table": {
        "value": "{global-color.neutral.300}",
        "type": "color"
      }
    },
    "icon": {
      "default": {
        "value": "{global-color.base.1000}",
        "type": "color"
      },
      "inverse": {
        "value": "{global-color.base.0}",
        "type": "color"
      },
      "subtle": {
        "value": "{global-color.neutral.600}",
        "type": "color"
      },
      "success": {
        "value": "{global-color.primary.600}",
        "type": "color"
      },
      "danger": {
        "value": "{global-color.red.600}",
        "type": "color"
      },
      "danger-subtle": {
        "value": "{global-color.red.800}",
        "type": "color"
      },
      "warning": {
        "value": "{global-color.orange.600}",
        "type": "color"
      },
      "info": {
        "value": "{global-color.blue.600}",
        "type": "color"
      },
      "brand": {
        "value": "{global-color.primary.500}",
        "type": "color"
      },
      "minimal": {
        "value": "{global-color.neutral.700}",
        "type": "color"
      },
      "in-progress": {
        "value": "{global-color.purple.600}",
        "type": "color"
      },
      "danger-bold": {
        "value": "{global-color.red.900}",
        "type": "color"
      }
    }
  },
  "hds-shadow": {
    "action-focus": {
      "color": {
        "value": "{global-color.base.1000}",
        "type": "color"
      }
    }
  }
}