{
  "hds-color": {
    "text": {
      "default": {
        "value": "{global-color.base.1000}",
        "type": "color"
      },
      "subtle": {
        "value": "{global-color.neutral.800}",
        "type": "color"
      },
      "minimal": {
        "value": "{global-color.neutral.700}",
        "type": "color"
      },
      "disabled": {
        "value": "{global-color.neutral.600}",
        "type": "color"
      },
      "link": {
        "value": "{global-color.primary.700}",
        "type": "color"
      },
      "link-active": {
        "value": "{global-color.primary.800}",
        "type": "color"
      },
      "link-hover": {
        "value": "{global-color.primary.600}",
        "type": "color"
      },
      "placeholder": {
        "value": "{global-color.neutral.700}",
        "type": "color"
      },
      "danger": {
        "value": "{global-color.red.900}",
        "type": "color"
      },
      "danger-subtle": {
        "value": "{global-color.red.800}",
        "type": "color"
      },
      "inverse": {
        "value": "{global-color.base.0}",
        "type": "color"
      },
      "success": {
        "value": "{global-color.primary.900}",
        "type": "color"
      },
      "info": {
        "value": "{global-color.blue.900}",
        "type": "color"
      },
      "warning": {
        "value": "{global-color.orange.800}",
        "type": "color"
      },
      "in-progress": {
        "value": "{global-color.purple.900}",
        "type": "color"
      }
    },
    "bg": {
      "default": {
        "value": "{global-color.neutral.200}",
        "type": "color"
      },
      "surface": {
        "default": {
          "value": "{global-color.base.0}",
          "type": "color"
        },
        "raised": {
          "value": "{global-color.neutral.100}",
          "type": "color"
        },
        "secondary-default": {
          "value": "{global-color.neutral.200}",
          "type": "color"
        },
        "secondary-hover": {
          "value": "{global-color.neutral.300}",
          "type": "color"
        },
        "secondary-active": {
          "value": "{global-color.neutral.400}",
          "type": "color"
        },
        "disabled": {
          "value": "{global-color.neutral.300}",
          "type": "color"
        },
        "hover": {
          "value": "{global-color.neutral.100}",
          "type": "color"
        },
        "active": {
          "value": "{global-color.neutral.200}",
          "type": "color"
        },
        "raised-hover": {
          "value": "{global-color.neutral.200}",
          "type": "color"
        },
        "raised-active": {
          "value": "{global-color.neutral.300}",
          "type": "color"
        }
      },
      "fill": {
        "brand": {
          "default": {
            "value": "{global-color.primary.400}",
            "type": "color"
          },
          "hover": {
            "value": "{global-color.primary.300}",
            "type": "color"
          },
          "active": {
            "value": "{global-color.primary.500}",
            "type": "color"
          },
          "inverse": {
            "value": "{global-color.primary.600}",
            "type": "color"
          },
          "inverse-hover": {
            "value": "{global-color.primary.700}",
            "type": "color"
          },
          "inverse-active": {
            "value": "{global-color.primary.800}",
            "type": "color"
          },
          "subtle": {
            "value": "{global-color.primary.100}",
            "type": "color"
          }
        },
        "secondary": {
          "default": {
            "value": "{global-color.neutral.400}",
            "type": "color"
          },
          "hover": {
            "value": "{global-color.neutral.300}",
            "type": "color"
          },
          "active": {
            "value": "{global-color.neutral.500}",
            "type": "color"
          },
          "subtle": {
            "value": "{global-color.neutral.300}",
            "type": "color"
          }
        },
        "danger": {
          "default": {
            "value": "{global-color.red.100}",
            "type": "color"
          },
          "hover": {
            "value": "{global-color.red.300}",
            "type": "color"
          },
          "active": {
            "value": "{global-color.red.500}",
            "type": "color"
          },
          "inverse": {
            "value": "{global-color.red.700}",
            "type": "color"
          }
        },
        "inverse": {
          "default": {
            "value": "{global-color.neutral.800}",
            "type": "color"
          },
          "hover": {
            "value": "{global-color.neutral.700}",
            "type": "color"
          },
          "active": {
            "value": "{global-color.neutral.600}",
            "type": "color"
          }
        },
        "default": {
          "value": "{global-color.base.0}",
          "type": "color"
        },
        "info": {
          "default": {
            "value": "{global-color.blue.50}",
            "type": "color"
          },
          "inverse": {
            "value": "{global-color.blue.600}",
            "type": "color"
          }
        },
        "warning": {
          "default": {
            "value": "{global-color.orange.100}",
            "type": "color"
          },
          "inverse": {
            "value": "{global-color.orange.300}",
            "type": "color"
          }
        },
        "in-progress": {
          "default": {
            "value": "{global-color.purple.50}",
            "type": "color"
          },
          "inverse": {
            "value": "{global-color.purple.600}",
            "type": "color"
          }
        },
        "hover": {
          "value": "{global-color.neutral.200}",
          "type": "color"
        },
        "active": {
          "value": "{global-color.neutral.300}",
          "type": "color"
        }
      },
      "table": {
        "default": {
          "value": "{global-color.base.0}",
          "type": "color"
        },
        "hover": {
          "value": "{global-color.neutral.100}",
          "type": "color"
        },
        "selected": {
          "value": "{global-color.primary.50}",
          "type": "color"
        },
        "draft": {
          "value": "{global-color.neutral.100}",
          "type": "color"
        },
        "published-draft": {
          "value": "{global-color.purple.50}",
          "type": "color"
        },
        "draft-hover": {
          "value": "{global-color.neutral.200}",
          "type": "color"
        },
        "published-draft-hover": {
          "value": "{global-color.purple.100}",
          "type": "color"
        },
        "selected-hover": {
          "value": "{global-color.primary.100}",
          "type": "color"
        }
      },
      "blanket": {
        "value": "#171b1c26",
        "type": "color"
      },
      "default-light": {
        "value": "{global-color.neutral.100}",
        "type": "color"
      },
      "campaign-editor": {
        "value": "{global-color.neutral.200}",
        "type": "color"
      }
    },
    "shadow": {
      "action-focus": {
        "value": "{global-color.base.1000}",
        "type": "color"
      },
      "input": {
        "value": "#0000000d",
        "type": "color"
      },
      "input-focus": {
        "value": "#00000012",
        "type": "color"
      },
      "toast": {
        "value": "#0000001f",
        "type": "color"
      },
      "header": {
        "value": "#00000014",
        "type": "color"
      },
      "search": {
        "value": "#00000014",
        "type": "color"
      },
      "sm": {
        "value": "#0000000a",
        "type": "color"
      },
      "sheet": {
        "value": "#00000024",
        "type": "color"
      },
      "popover-1": {
        "value": "#00000033",
        "type": "color"
      },
      "popover-2": {
        "value": "#00000024",
        "type": "color"
      },
      "md-1": {
        "value": "#00000014",
        "type": "color"
      },
      "md-2": {
        "value": "#00000012",
        "type": "color"
      },
      "dropdown-1": {
        "value": "#00000033",
        "type": "color"
      },
      "dropdown-2": {
        "value": "#00000024",
        "type": "color"
      },
      "table-error": {
        "value": "{global-color.red.500}",
        "type": "color"
      }
    },
    "border": {
      "action": {
        "default": {
          "value": "{global-color.neutral.500}",
          "type": "color"
        },
        "bold": {
          "value": "{global-color.neutral.700}",
          "type": "color"
        },
        "hover": {
          "value": "{global-color.neutral.600}",
          "type": "color"
        },
        "pressed": {
          "value": "{global-color.neutral.800}",
          "type": "color"
        },
        "light": {
          "value": "{global-color.neutral.400}",
          "type": "color"
        }
      },
      "brand": {
        "value": "{global-color.primary.500}",
        "type": "color"
      },
      "danger": {
        "value": "{global-color.red.600}",
        "type": "color"
      },
      "layout-default": {
        "value": "#ffffff",
        "type": "color"
      },
      "layout-subtle": {
        "value": "#4b2e2e",
        "type": "color"
      },
      "passive": {
        "value": "{global-color.neutral.300}",
        "type": "color"
      },
      "table": {
        "value": "{global-color.neutral.300}",
        "type": "color"
      },
      "strong": {
        "value": "{global-color.base.1000}",
        "type": "color"
      },
      "info": {
        "value": "{global-color.blue.500}",
        "type": "color"
      },
      "danger-subtle": {
        "value": "{global-color.red.100}",
        "type": "color"
      },
      "brand-subtle": {
        "value": "{global-color.primary.100}",
        "type": "color"
      },
      "info-subtle": {
        "value": "{global-color.blue.100}",
        "type": "color"
      },
      "progress": {
        "value": "{global-color.purple.500}",
        "type": "color"
      },
      "progress-subtle": {
        "value": "{global-color.purple.100}",
        "type": "color"
      },
      "warning": {
        "value": "{global-color.orange.500}",
        "type": "color"
      },
      "warning-subtle": {
        "value": "{global-color.orange.100}",
        "type": "color"
      },
      "radial-gauge": {
        "critical": {
          "value": "{global-color.red.500}",
          "type": "color"
        },
        "poor": {
          "value": "{global-color.orange.500}",
          "type": "color"
        },
        "good": {
          "value": "{global-color.blue.500}",
          "type": "color"
        },
        "excellent": {
          "value": "{global-color.primary.500}",
          "type": "color"
        }
      }
    },
    "icon": {
      "default": {
        "value": "{global-color.base.1000}",
        "type": "color"
      },
      "inverse": {
        "value": "{global-color.base.0}",
        "type": "color"
      },
      "subtle": {
        "value": "{global-color.neutral.600}",
        "type": "color"
      },
      "success": {
        "value": "{global-color.primary.600}",
        "type": "color"
      },
      "danger": {
        "value": "{global-color.red.600}",
        "type": "color"
      },
      "danger-bold": {
        "value": "{global-color.red.900}",
        "type": "color"
      },
      "warning": {
        "value": "{global-color.orange.600}",
        "type": "color"
      },
      "info": {
        "value": "{global-color.blue.600}",
        "type": "color"
      },
      "brand": {
        "value": "{global-color.primary.500}",
        "type": "color"
      },
      "minimal": {
        "value": "{global-color.neutral.700}",
        "type": "color"
      },
      "in-progress": {
        "value": "{global-color.purple.600}",
        "type": "color"
      },
      "override": {
        "value": "#2b95a8",
        "type": "color"
      }
    },
    "chart": {
      "blue": {
        "value": "#0482e9",
        "type": "color"
      },
      "orange": {
        "value": "#ea620e",
        "type": "color"
      },
      "green": {
        "value": "#0fd77c",
        "type": "color"
      },
      "pink": {
        "value": "#e843b1",
        "type": "color"
      },
      "gradient": {
        "blue": {
          "start": {
            "value": "#0482e9",
            "type": "color"
          },
          "end": {
            "value": "#0482e900",
            "type": "color"
          }
        },
        "orange": {
          "start": {
            "value": "#ea620e",
            "type": "color"
          },
          "end": {
            "value": "#ea620e00",
            "type": "color"
          }
        },
        "green": {
          "start": {
            "value": "#0ad67a",
            "type": "color"
          },
          "end": {
            "value": "#0ad67a00",
            "type": "color"
          }
        },
        "pink": {
          "start": {
            "value": "#e843b1",
            "type": "color"
          },
          "end": {
            "value": "#e843b100",
            "type": "color"
          }
        }
      }
    }
  }
}