{
  "hds-text": {
    "headings": {
      "h1": {
        "font-size": {
          "value": "{font.size.22}",
          "type": "number"
        },
        "font-weight": {
          "value": "{font.weight.semibold}",
          "type": "number"
        },
        "line-height": {
          "value": "{font.line-height.32}",
          "type": "number"
        }
      },
      "h2": {
        "font-size": {
          "value": "{font.size.18}",
          "type": "number"
        },
        "font-weight": {
          "value": "{font.weight.semibold}",
          "type": "number"
        },
        "line-height": {
          "value": "{font.line-height.28}",
          "type": "number"
        }
      },
      "h3": {
        "weight": {
          "medium": {
            "value": "{font.weight.medium}",
            "type": "number"
          },
          "semibold": {
            "value": "{font.weight.semibold}",
            "type": "number"
          }
        },
        "font-size": {
          "value": "{font.size.16}",
          "type": "number"
        },
        "line-height": {
          "value": "{font.line-height.24}",
          "type": "number"
        }
      },
      "h4": {
        "font-size": {
          "value": "{font.size.15}",
          "type": "number"
        },
        "font-weight": {
          "value": "{font.weight.semibold}",
          "type": "number"
        },
        "line-height": {
          "value": "{font.line-height.20}",
          "type": "number"
        }
      }
    },
    "body": {
      "md": {
        "weight": {
          "regular": {
            "value": "{font.weight.regular}",
            "type": "number"
          },
          "medium": {
            "value": "{font.weight.medium}",
            "type": "number"
          },
          "semibold": {
            "value": "{font.weight.semibold}",
            "type": "number"
          }
        },
        "font-size": {
          "value": "{font.size.14}",
          "type": "number"
        },
        "line-height": {
          "value": "{font.line-height.20}",
          "type": "number"
        }
      },
      "sm": {
        "weight": {
          "regular": {
            "value": "{font.weight.regular}",
            "type": "number"
          },
          "medium": {
            "value": "{font.weight.medium}",
            "type": "number"
          },
          "semibold": {
            "value": "{font.weight.semibold}",
            "type": "number"
          }
        },
        "font-size": {
          "value": "{font.size.12}",
          "type": "number"
        },
        "line-height": {
          "value": "{font.line-height.16}",
          "type": "number"
        }
      },
      "xs": {
        "font-size": {
          "value": "{font.size.11}",
          "type": "number"
        },
        "line-height": {
          "value": "{font.line-height.12}",
          "type": "number"
        },
        "font-weight": {
          "value": "{font.weight.regular}",
          "type": "number"
        }
      }
    }
  },
  "hds-spacing": {
    "sm": {
      "value": "{spacing.150}",
      "type": "number"
    },
    "md": {
      "value": "{spacing.200}",
      "type": "number"
    },
    "xl": {
      "value": "{spacing.300}",
      "type": "number"
    },
    "xxl": {
      "value": "{spacing.400}",
      "type": "number"
    },
    "xxs": {
      "value": "{spacing.50}",
      "type": "number"
    },
    "xxxl": {
      "value": "{spacing.450}",
      "type": "number"
    },
    "button-sm": {
      "value": "{spacing.50}",
      "type": "number"
    },
    "button-md": {
      "value": "{spacing.100}",
      "type": "number"
    },
    "xs": {
      "value": "{spacing.100}",
      "type": "number"
    },
    "lg": {
      "value": "{spacing.250}",
      "type": "number"
    },
    "negative": {
      "value": "{spacing.neg50}",
      "type": "number"
    },
    "input-md": {
      "value": "{spacing.100}",
      "type": "number"
    },
    "xxxs": {
      "value": "{spacing.25}",
      "type": "number"
    },
    "nospacing": {
      "value": "{spacing.0}",
      "type": "number"
    },
    "table-cell-md": {
      "value": "{spacing.200}",
      "type": "number"
    },
    "table-cell-sm": {
      "value": "{spacing.100}",
      "type": "number"
    },
    "table-cell-xs": {
      "value": "{spacing.50}",
      "type": "number"
    },
    "dropdown": {
      "value": "{spacing.50}",
      "type": "number"
    },
    "4xl": {
      "value": "{spacing.500}",
      "type": "number"
    }
  },
  "hds-gap": {
    "nogap": {
      "value": "{spacing.0}",
      "type": "number"
    },
    "sm": {
      "value": "{spacing.150}",
      "type": "number"
    },
    "md": {
      "value": "{spacing.200}",
      "type": "number"
    },
    "lg": {
      "value": "{spacing.250}",
      "type": "number"
    },
    "xxl": {
      "value": "{spacing.450}",
      "type": "number"
    },
    "xxs": {
      "value": "{spacing.50}",
      "type": "number"
    },
    "xl": {
      "value": "{spacing.300}",
      "type": "number"
    },
    "xs": {
      "value": "{spacing.100}",
      "type": "number"
    },
    "button-group-sm": {
      "value": "{spacing.100}",
      "type": "number"
    },
    "button-group-md": {
      "value": "{spacing.150}",
      "type": "number"
    },
    "choice-vertical": {
      "value": "{spacing.150}",
      "type": "number"
    },
    "choice-horizontal": {
      "value": "{spacing.250}",
      "type": "number"
    },
    "input": {
      "value": "{spacing.100}",
      "type": "number"
    },
    "tooltip": {
      "value": "{spacing.100}",
      "type": "number"
    },
    "label-control": {
      "value": "{spacing.100}",
      "type": "number"
    },
    "toggle-control": {
      "value": "{spacing.150}",
      "type": "number"
    },
    "xxxs": {
      "value": "{spacing.25}",
      "type": "number"
    },
    "info-vertical": {
      "value": "{spacing.200}",
      "type": "number"
    }
  },
  "hds-border": {
    "radius": {
      "input": {
        "value": "{radius.8}",
        "type": "number"
      },
      "button": {
        "value": "{radius.5}",
        "type": "number"
      },
      "xs": {
        "value": "{radius.3}",
        "type": "number"
      },
      "md": {
        "value": "{radius.7}",
        "type": "number"
      },
      "lg": {
        "value": "{radius.11}",
        "type": "number"
      },
      "sm": {
        "value": "{radius.5}",
        "type": "number"
      },
      "full": {
        "value": "{radius.99999}",
        "type": "number"
      },
      "none": {
        "value": "{radius.0}",
        "type": "number"
      }
    },
    "width": {
      "md": {
        "value": "{stroke.1}",
        "type": "number"
      },
      "lg": {
        "value": "{stroke.2}",
        "type": "number"
      },
      "xs": {
        "value": "{stroke.05}",
        "type": "number"
      }
    }
  },
  "hds-opacity": {
    "disabled": {
      "value": "{opacity.50}",
      "type": "number"
    },
    "hidden": {
      "value": "{opacity.0}",
      "type": "number"
    }
  },
  "hds-size": {
    "icon": {
      "sm": {
        "value": "{spacing.200}",
        "type": "number"
      },
      "md": {
        "value": "{spacing.250}",
        "type": "number"
      },
      "lg": {
        "value": "{spacing.300}",
        "type": "number"
      },
      "xl": {
        "value": "{spacing.450}",
        "type": "number"
      },
      "xs": {
        "value": "{spacing.150}",
        "type": "number"
      }
    },
    "xs": {
      "value": "{spacing.150}",
      "type": "number"
    },
    "sm": {
      "value": "{spacing.200}",
      "type": "number"
    },
    "md": {
      "value": "{spacing.250}",
      "type": "number"
    },
    "lg": {
      "value": "{spacing.300}",
      "type": "number"
    },
    "max-width": {
      "tooltip": {
        "value": 232,
        "type": "number"
      },
      "filter-value": {
        "value": 164,
        "type": "number"
      },
      "content-200": {
        "value": 200,
        "type": "number"
      },
      "input-sm": {
        "value": 164,
        "type": "number"
      },
      "input-md": {
        "value": 248,
        "type": "number"
      },
      "input-xs": {
        "value": 92,
        "type": "number"
      },
      "modal": {
        "sm": {
          "value": 400,
          "type": "number"
        },
        "md": {
          "value": 600,
          "type": "number"
        },
        "lg": {
          "value": 800,
          "type": "number"
        },
        "xl": {
          "value": 960,
          "type": "number"
        }
      },
      "content-400": {
        "value": 400,
        "type": "number"
      },
      "input-lg": {
        "value": 384,
        "type": "number"
      },
      "datepicker-manage": {
        "value": 312,
        "type": "number"
      },
      "content-180": {
        "value": 180,
        "type": "number"
      }
    },
    "xl": {
      "value": "{spacing.350}",
      "type": "number"
    },
    "xxl": {
      "value": "{spacing.400}",
      "type": "number"
    },
    "xxxl": {
      "value": "{spacing.450}",
      "type": "number"
    },
    "4xl": {
      "value": "{spacing.500}",
      "type": "number"
    },
    "min-table-cell": {
      "value": "{spacing.700}",
      "type": "number"
    },
    "header": {
      "value": "{spacing.600}",
      "type": "number"
    },
    "table-head": {
      "value": "{spacing.450}",
      "type": "number"
    },
    "width": {
      "popover": {
        "sm": {
          "value": 240,
          "type": "number"
        },
        "md": {
          "value": 320,
          "type": "number"
        },
        "lg": {
          "value": 440,
          "type": "number"
        }
      },
      "sheet": {
        "sm": {
          "value": 320,
          "type": "number"
        },
        "md": {
          "value": 440,
          "type": "number"
        },
        "lg": {
          "value": 612,
          "type": "number"
        },
        "xl": {
          "value": 1120,
          "type": "number"
        }
      },
      "sidebar-navigation": {
        "value": 184,
        "type": "number"
      }
    },
    "min-width": {
      "120": {
        "value": 120,
        "type": "number"
      },
      "table": {
        "value": 84,
        "type": "number"
      }
    },
    "content-144": {
      "value": 144,
      "type": "number"
    },
    "content-192": {
      "value": 192,
      "type": "number"
    },
    "content-224": {
      "value": 224,
      "type": "number"
    },
    "content-256": {
      "value": 256,
      "type": "number"
    },
    "display-card-minmax": {
      "value": 196,
      "type": "number"
    },
    "content-80": {
      "value": 80,
      "type": "number"
    },
    "table-cell-height": {
      "value": "{spacing.700}",
      "type": "number"
    },
    "table-head-height": {
      "value": "{spacing.500}",
      "type": "number"
    },
    "avatar-lg": {
      "value": "{spacing.500}",
      "type": "number"
    },
    "avatar-md": {
      "value": "{spacing.400}",
      "type": "number"
    },
    "avatar-sm": {
      "value": "{spacing.300}",
      "type": "number"
    }
  },
  "hds-shadow": {
    "action-focus": {
      "spread": {
        "value": "{shadow.spread.2}",
        "type": "number"
      },
      "position": {
        "value": "{shadow.y.0}",
        "type": "number"
      },
      "blur": {
        "value": "{shadow.blur.0}",
        "type": "number"
      }
    },
    "position-x": {
      "value": "{shadow.x.0}",
      "type": "number"
    },
    "action": {
      "spread": {
        "value": "{shadow.spread.1}",
        "type": "number"
      },
      "position": {
        "value": "{shadow.y.0}",
        "type": "number"
      },
      "blur": {
        "value": "{shadow.blur.0}",
        "type": "number"
      }
    },
    "input-shadow": {
      "spread": {
        "value": "{shadow.spread.0}",
        "type": "number"
      },
      "position": {
        "value": "{shadow.spread.1}",
        "type": "number"
      },
      "blur": {
        "value": "{shadow.blur.1}",
        "type": "number"
      }
    },
    "input-focus": {
      "spread": {
        "value": "{shadow.spread.3}",
        "type": "number"
      },
      "position": {
        "value": "{shadow.y.0}",
        "type": "number"
      },
      "blur": {
        "value": "{shadow.blur.0}",
        "type": "number"
      }
    },
    "toast": {
      "spread-1": {
        "value": "{shadow.spread.0}",
        "type": "number"
      },
      "position-1": {
        "value": "{shadow.y.3}",
        "type": "number"
      },
      "blur-1": {
        "value": "{shadow.blur.8}",
        "type": "number"
      },
      "spread-2": {
        "value": "{shadow.spread.0}",
        "type": "number"
      },
      "position-2": {
        "value": "{shadow.y.12}",
        "type": "number"
      },
      "blur-2": {
        "value": "{shadow.blur.32}",
        "type": "number"
      }
    },
    "header": {
      "spread-1": {
        "value": "{shadow.spread.0}",
        "type": "number"
      },
      "position-1": {
        "value": "{shadow.y.1}",
        "type": "number"
      },
      "blur-1": {
        "value": "{shadow.blur.1}",
        "type": "number"
      },
      "position-2": {
        "value": "{shadow.spread.1}",
        "type": "number"
      },
      "blur-2": {
        "value": "{shadow.blur.6}",
        "type": "number"
      },
      "spread-2": {
        "value": "{shadow.spread.0}",
        "type": "number"
      }
    },
    "sm": {
      "position": {
        "value": "{shadow.y.1}",
        "type": "number"
      },
      "blur": {
        "value": "{shadow.blur.2}",
        "type": "number"
      },
      "spread": {
        "value": "{shadow.spread.0}",
        "type": "number"
      }
    },
    "sheet": {
      "position": {
        "value": "{shadow.y.0}",
        "type": "number"
      },
      "blur": {
        "value": "{shadow.blur.32}",
        "type": "number"
      },
      "spread": {
        "value": "{shadow.spread.-2}",
        "type": "number"
      }
    },
    "popover": {
      "position-1": {
        "value": "{shadow.y.0}",
        "type": "number"
      },
      "blur-1": {
        "value": "{shadow.blur.4}",
        "type": "number"
      },
      "spread-1": {
        "value": "{shadow.spread.-2}",
        "type": "number"
      },
      "position-2": {
        "value": "{shadow.y.9}",
        "type": "number"
      },
      "blur-2": {
        "value": "{shadow.blur.16}",
        "type": "number"
      },
      "spread-2": {
        "value": "{shadow.spread.-5}",
        "type": "number"
      }
    },
    "md": {
      "position-1": {
        "value": "{shadow.y.1}",
        "type": "number"
      },
      "blur-1": {
        "value": "{shadow.blur.2}",
        "type": "number"
      },
      "spread-1": {
        "value": "{shadow.spread.0}",
        "type": "number"
      },
      "position-2": {
        "value": "{shadow.y.9}",
        "type": "number"
      },
      "blur-2": {
        "value": "{shadow.blur.16}",
        "type": "number"
      },
      "spread-2": {
        "value": "{shadow.spread.-2}",
        "type": "number"
      }
    },
    "dropdown": {
      "position-1": {
        "value": "{shadow.y.0}",
        "type": "number"
      },
      "blur-1": {
        "value": "{shadow.blur.4}",
        "type": "number"
      },
      "spread-1": {
        "value": "{shadow.spread.-2}",
        "type": "number"
      },
      "position-2": {
        "value": "{shadow.y.9}",
        "type": "number"
      },
      "blur-2": {
        "value": "{shadow.blur.16}",
        "type": "number"
      },
      "spread-2": {
        "value": "{shadow.spread.-5}",
        "type": "number"
      }
    },
    "table-error": {
      "position": {
        "value": "{shadow.y.0}",
        "type": "number"
      },
      "blur": {
        "value": "{shadow.blur.0}",
        "type": "number"
      },
      "spread": {
        "value": "{shadow.spread.0}",
        "type": "number"
      },
      "position-x": {
        "value": "{shadow.x.2}",
        "type": "number"
      }
    },
    "alert-inverse": {
      "position-1": {
        "value": "{shadow.y.0}",
        "type": "number"
      },
      "blur-1": {
        "value": "{shadow.blur.0}",
        "type": "number"
      },
      "spread-1": {
        "value": "{shadow.spread.1}",
        "type": "number"
      },
      "position-2": {
        "value": "{shadow.y.1}",
        "type": "number"
      },
      "blur-2": {
        "value": "{shadow.blur.2}",
        "type": "number"
      },
      "spread-2": {
        "value": "{shadow.spread.0}",
        "type": "number"
      }
    }
  },
  "hds-transition": {
    "duration": {
      "md": {
        "value": "0.15s",
        "type": "text"
      }
    },
    "easing": {
      "ease-in": {
        "value": "ease-in",
        "type": "text"
      }
    }
  }
}